상호,건물,카테고리,주소,네이버검색(클릭),전화번호(여기채우기)
미쓰달,송파테라타워2,김밥/만두/분식,서울특별시 송파구 송파대로 201,https://map.naver.com/p/search/%EB%AC%B8%EC%A0%95%20%EB%AF%B8%EC%93%B0%EB%8B%AC,
백반/한정식,송파테라타워2,백반/한정식,서울특별시 송파구 송파대로 201,https://map.naver.com/p/search/%EB%AC%B8%EC%A0%95%20%EB%B0%B1%EB%B0%98%2F%ED%95%9C%EC%A0%95%EC%8B%9D,
사운드랩,송파테라타워2,피자,서울특별시 송파구 송파대로 201,https://map.naver.com/p/search/%EB%AC%B8%EC%A0%95%20%EC%82%AC%EC%9A%B4%EB%93%9C%EB%9E%A9,
선푸드앤디자인,송파테라타워2,백반/한정식,서울특별시 송파구 송파대로 201,https://map.naver.com/p/search/%EB%AC%B8%EC%A0%95%20%EC%84%A0%ED%91%B8%EB%93%9C%EC%95%A4%EB%94%94%EC%9E%90%EC%9D%B8,
세라젬웰카페,송파테라타워2,백반/한정식,서울특별시 송파구 송파대로 201,https://map.naver.com/p/search/%EB%AC%B8%EC%A0%95%20%EC%84%B8%EB%9D%BC%EC%A0%AC%EC%9B%B0%EC%B9%B4%ED%8E%98,
소량향,송파테라타워2,백반/한정식,서울특별시 송파구 송파대로 201,https://map.naver.com/p/search/%EB%AC%B8%EC%A0%95%20%EC%86%8C%EB%9F%89%ED%96%A5,
송파다이닝,송파테라타워2,경양식,서울특별시 송파구 송파대로 201,https://map.naver.com/p/search/%EB%AC%B8%EC%A0%95%20%EC%86%A1%ED%8C%8C%EB%8B%A4%EC%9D%B4%EB%8B%9D,
신세계푸드노브랜드버거문정역점,송파테라타워2,버거,서울특별시 송파구 송파대로 201,https://map.naver.com/p/search/%EB%AC%B8%EC%A0%95%20%EC%8B%A0%EC%84%B8%EA%B3%84%ED%91%B8%EB%93%9C%EB%85%B8%EB%B8%8C%EB%9E%9C%EB%93%9C%EB%B2%84%EA%B1%B0%EB%AC%B8%EC%A0%95%EC%97%AD%EC%A0%90,
우마미,송파테라타워2,일식 회/초밥,서울특별시 송파구 송파대로 201,https://map.naver.com/p/search/%EB%AC%B8%EC%A0%95%20%EC%9A%B0%EB%A7%88%EB%AF%B8,
전주콩뿌리콩나물국밥,송파테라타워2,국/탕/찌개류,서울특별시 송파구 송파대로 201,https://map.naver.com/p/search/%EB%AC%B8%EC%A0%95%20%EC%A0%84%EC%A3%BC%EC%BD%A9%EB%BF%8C%EB%A6%AC%EC%BD%A9%EB%82%98%EB%AC%BC%EA%B5%AD%EB%B0%A5,
춘리마라탕,송파테라타워2,마라탕/훠궈,서울특별시 송파구 송파대로 201,https://map.naver.com/p/search/%EB%AC%B8%EC%A0%95%20%EC%B6%98%EB%A6%AC%EB%A7%88%EB%9D%BC%ED%83%95,
카츠단길,송파테라타워2,일식 회/초밥,서울특별시 송파구 송파대로 201,https://map.naver.com/p/search/%EB%AC%B8%EC%A0%95%20%EC%B9%B4%EC%B8%A0%EB%8B%A8%EA%B8%B8,
프로도버거,송파테라타워2,버거,서울특별시 송파구 송파대로 201,https://map.naver.com/p/search/%EB%AC%B8%EC%A0%95%20%ED%94%84%EB%A1%9C%EB%8F%84%EB%B2%84%EA%B1%B0,
경양식하우스,엠스테이트,경양식,서울특별시 송파구 법원로 114,https://map.naver.com/p/search/%EB%AC%B8%EC%A0%95%20%EA%B2%BD%EC%96%91%EC%8B%9D%ED%95%98%EC%9A%B0%EC%8A%A4,
고씨네,엠스테이트,김밥/만두/분식,서울특별시 송파구 법원로 114,https://map.naver.com/p/search/%EB%AC%B8%EC%A0%95%20%EA%B3%A0%EC%94%A8%EB%84%A4,
그레이바틀,엠스테이트,백반/한정식,서울특별시 송파구 법원로 114,https://map.naver.com/p/search/%EB%AC%B8%EC%A0%95%20%EA%B7%B8%EB%A0%88%EC%9D%B4%EB%B0%94%ED%8B%80,
나나양꼬치,엠스테이트,중국집,서울특별시 송파구 법원로 114,https://map.naver.com/p/search/%EB%AC%B8%EC%A0%95%20%EB%82%98%EB%82%98%EC%96%91%EA%BC%AC%EC%B9%98,
나무젓가락,엠스테이트,일식 회/초밥,서울특별시 송파구 법원로 114,https://map.naver.com/p/search/%EB%AC%B8%EC%A0%95%20%EB%82%98%EB%AC%B4%EC%A0%93%EA%B0%80%EB%9D%BD,
녹정샤브샤브,엠스테이트,국/탕/찌개류,서울특별시 송파구 법원로 114,https://map.naver.com/p/search/%EB%AC%B8%EC%A0%95%20%EB%85%B9%EC%A0%95%EC%83%A4%EB%B8%8C%EC%83%A4%EB%B8%8C,
니트포,엠스테이트,베트남식 전문,서울특별시 송파구 법원로 114,https://map.naver.com/p/search/%EB%AC%B8%EC%A0%95%20%EB%8B%88%ED%8A%B8%ED%8F%AC,
담솥,엠스테이트,백반/한정식,서울특별시 송파구 법원로 114,https://map.naver.com/p/search/%EB%AC%B8%EC%A0%95%20%EB%8B%B4%EC%86%A5,
덤벨푸드,엠스테이트,경양식,서울특별시 송파구 법원로 114,https://map.naver.com/p/search/%EB%AC%B8%EC%A0%95%20%EB%8D%A4%EB%B2%A8%ED%91%B8%EB%93%9C,
동네얼간이,엠스테이트,백반/한정식,서울특별시 송파구 법원로 114,https://map.naver.com/p/search/%EB%AC%B8%EC%A0%95%20%EB%8F%99%EB%84%A4%EC%96%BC%EA%B0%84%EC%9D%B4,
동네형아,엠스테이트,백반/한정식,서울특별시 송파구 법원로 114,https://map.naver.com/p/search/%EB%AC%B8%EC%A0%95%20%EB%8F%99%EB%84%A4%ED%98%95%EC%95%84,
동원카레,엠스테이트,일식 회/초밥,서울특별시 송파구 법원로 114,https://map.naver.com/p/search/%EB%AC%B8%EC%A0%95%20%EB%8F%99%EC%9B%90%EC%B9%B4%EB%A0%88,
륜참치,엠스테이트,일식 회/초밥,서울특별시 송파구 법원로 114,https://map.naver.com/p/search/%EB%AC%B8%EC%A0%95%20%EB%A5%9C%EC%B0%B8%EC%B9%98,
마라탕샹츠마라문정점,엠스테이트,마라탕/훠궈,서울특별시 송파구 법원로 114,https://map.naver.com/p/search/%EB%AC%B8%EC%A0%95%20%EB%A7%88%EB%9D%BC%ED%83%95%EC%83%B9%EC%B8%A0%EB%A7%88%EB%9D%BC%EB%AC%B8%EC%A0%95%EC%A0%90,
멸치집,엠스테이트,횟집,서울특별시 송파구 법원로 114,https://map.naver.com/p/search/%EB%AC%B8%EC%A0%95%20%EB%A9%B8%EC%B9%98%EC%A7%91,
모스컴퍼니,엠스테이트,백반/한정식,서울특별시 송파구 법원로 114,https://map.naver.com/p/search/%EB%AC%B8%EC%A0%95%20%EB%AA%A8%EC%8A%A4%EC%BB%B4%ED%8D%BC%EB%8B%88,
무청감자탕,엠스테이트,국/탕/찌개류,서울특별시 송파구 법원로 114,https://map.naver.com/p/search/%EB%AC%B8%EC%A0%95%20%EB%AC%B4%EC%B2%AD%EA%B0%90%EC%9E%90%ED%83%95,
미도인문정법조타운,엠스테이트,백반/한정식,서울특별시 송파구 법원로 114,https://map.naver.com/p/search/%EB%AC%B8%EC%A0%95%20%EB%AF%B8%EB%8F%84%EC%9D%B8%EB%AC%B8%EC%A0%95%EB%B2%95%EC%A1%B0%ED%83%80%EC%9A%B4,
밀숲,엠스테이트,국수/칼국수,서울특별시 송파구 법원로 114,https://map.naver.com/p/search/%EB%AC%B8%EC%A0%95%20%EB%B0%80%EC%88%B2,
봉희컴퍼니,엠스테이트,김밥/만두/분식,서울특별시 송파구 법원로 114,https://map.naver.com/p/search/%EB%AC%B8%EC%A0%95%20%EB%B4%89%ED%9D%AC%EC%BB%B4%ED%8D%BC%EB%8B%88,
삼식이감자탕,엠스테이트,국/탕/찌개류,서울특별시 송파구 법원로 114,https://map.naver.com/p/search/%EB%AC%B8%EC%A0%95%20%EC%82%BC%EC%8B%9D%EC%9D%B4%EA%B0%90%EC%9E%90%ED%83%95,
서브웨이문정역점,엠스테이트,토스트/샌드위치/샐러드,서울특별시 송파구 법원로 114,https://map.naver.com/p/search/%EB%AC%B8%EC%A0%95%20%EC%84%9C%EB%B8%8C%EC%9B%A8%EC%9D%B4%EB%AC%B8%EC%A0%95%EC%97%AD%EC%A0%90,
석정,엠스테이트,백반/한정식,서울특별시 송파구 법원로 114,https://map.naver.com/p/search/%EB%AC%B8%EC%A0%95%20%EC%84%9D%EC%A0%95,
속초오징어어시장,엠스테이트,횟집,서울특별시 송파구 법원로 114,https://map.naver.com/p/search/%EB%AC%B8%EC%A0%95%20%EC%86%8D%EC%B4%88%EC%98%A4%EC%A7%95%EC%96%B4%EC%96%B4%EC%8B%9C%EC%9E%A5,
신숙이네양평해장국,엠스테이트,국/탕/찌개류,서울특별시 송파구 법원로 114,https://map.naver.com/p/search/%EB%AC%B8%EC%A0%95%20%EC%8B%A0%EC%88%99%EC%9D%B4%EB%84%A4%EC%96%91%ED%8F%89%ED%95%B4%EC%9E%A5%EA%B5%AD,
어부의만찬투,엠스테이트,백반/한정식,서울특별시 송파구 법원로 114,https://map.naver.com/p/search/%EB%AC%B8%EC%A0%95%20%EC%96%B4%EB%B6%80%EC%9D%98%EB%A7%8C%EC%B0%AC%ED%88%AC,
엠,엠스테이트,경양식,서울특별시 송파구 법원로 114,https://map.naver.com/p/search/%EB%AC%B8%EC%A0%95%20%EC%97%A0,
여러시멘야카오리,엠스테이트,일식 회/초밥,서울특별시 송파구 법원로 114,https://map.naver.com/p/search/%EB%AC%B8%EC%A0%95%20%EC%97%AC%EB%9F%AC%EC%8B%9C%EB%A9%98%EC%95%BC%EC%B9%B4%EC%98%A4%EB%A6%AC,
염원카츠,엠스테이트,일식 카레/돈가스/덮밥,서울특별시 송파구 법원로 114,https://map.naver.com/p/search/%EB%AC%B8%EC%A0%95%20%EC%97%BC%EC%9B%90%EC%B9%B4%EC%B8%A0,
오꼬내꼬,엠스테이트,그 외 기타 간이 음식점,서울특별시 송파구 법원로 114,https://map.naver.com/p/search/%EB%AC%B8%EC%A0%95%20%EC%98%A4%EA%BC%AC%EB%82%B4%EA%BC%AC,
요우,엠스테이트,일식 회/초밥,서울특별시 송파구 법원로 114,https://map.naver.com/p/search/%EB%AC%B8%EC%A0%95%20%EC%9A%94%EC%9A%B0,
우리연동우황태,엠스테이트,백반/한정식,서울특별시 송파구 법원로 114,https://map.naver.com/p/search/%EB%AC%B8%EC%A0%95%20%EC%9A%B0%EB%A6%AC%EC%97%B0%EB%8F%99%EC%9A%B0%ED%99%A9%ED%83%9C,
우즈마키문정,엠스테이트,일식 회/초밥,서울특별시 송파구 법원로 114,https://map.naver.com/p/search/%EB%AC%B8%EC%A0%95%20%EC%9A%B0%EC%A6%88%EB%A7%88%ED%82%A4%EB%AC%B8%EC%A0%95,
원해장,엠스테이트,백반/한정식,서울특별시 송파구 법원로 114,https://map.naver.com/p/search/%EB%AC%B8%EC%A0%95%20%EC%9B%90%ED%95%B4%EC%9E%A5,
육대장문정역엠스테이트점,엠스테이트,백반/한정식,서울특별시 송파구 법원로 114,https://map.naver.com/p/search/%EB%AC%B8%EC%A0%95%20%EC%9C%A1%EB%8C%80%EC%9E%A5%EB%AC%B8%EC%A0%95%EC%97%AD%EC%97%A0%EC%8A%A4%ED%85%8C%EC%9D%B4%ED%8A%B8%EC%A0%90,
이병태함흥냉면,엠스테이트,냉면/밀면,서울특별시 송파구 법원로 114,https://map.naver.com/p/search/%EB%AC%B8%EC%A0%95%20%EC%9D%B4%EB%B3%91%ED%83%9C%ED%95%A8%ED%9D%A5%EB%83%89%EB%A9%B4,
이천밥쌤,엠스테이트,백반/한정식,서울특별시 송파구 법원로 114,https://map.naver.com/p/search/%EB%AC%B8%EC%A0%95%20%EC%9D%B4%EC%B2%9C%EB%B0%A5%EC%8C%A4,
자연과건강,엠스테이트,백반/한정식,서울특별시 송파구 법원로 114,https://map.naver.com/p/search/%EB%AC%B8%EC%A0%95%20%EC%9E%90%EC%97%B0%EA%B3%BC%EA%B1%B4%EA%B0%95,
자연산산꼼장어,엠스테이트,백반/한정식,서울특별시 송파구 법원로 114,https://map.naver.com/p/search/%EB%AC%B8%EC%A0%95%20%EC%9E%90%EC%97%B0%EC%82%B0%EC%82%B0%EA%BC%BC%EC%9E%A5%EC%96%B4,
전철우제주해장문정,엠스테이트,백반/한정식,서울특별시 송파구 법원로 114,https://map.naver.com/p/search/%EB%AC%B8%EC%A0%95%20%EC%A0%84%EC%B2%A0%EC%9A%B0%EC%A0%9C%EC%A3%BC%ED%95%B4%EC%9E%A5%EB%AC%B8%EC%A0%95,
청킹맨션,엠스테이트,중국집,서울특별시 송파구 법원로 114,https://map.naver.com/p/search/%EB%AC%B8%EC%A0%95%20%EC%B2%AD%ED%82%B9%EB%A7%A8%EC%85%98,
큰손,엠스테이트,백반/한정식,서울특별시 송파구 법원로 114,https://map.naver.com/p/search/%EB%AC%B8%EC%A0%95%20%ED%81%B0%EC%86%90,
탕반,엠스테이트,일식 회/초밥,서울특별시 송파구 법원로 114,https://map.naver.com/p/search/%EB%AC%B8%EC%A0%95%20%ED%83%95%EB%B0%98,
파네파네,엠스테이트,경양식,서울특별시 송파구 법원로 114,https://map.naver.com/p/search/%EB%AC%B8%EC%A0%95%20%ED%8C%8C%EB%84%A4%ED%8C%8C%EB%84%A4,
한솥도시락문정엠스테이트점,엠스테이트,백반/한정식,서울특별시 송파구 법원로 114,https://map.naver.com/p/search/%EB%AC%B8%EC%A0%95%20%ED%95%9C%EC%86%A5%EB%8F%84%EC%8B%9C%EB%9D%BD%EB%AC%B8%EC%A0%95%EC%97%A0%EC%8A%A4%ED%85%8C%EC%9D%B4%ED%8A%B8%EC%A0%90,
한창회관,엠스테이트,백반/한정식,서울특별시 송파구 법원로 114,https://map.naver.com/p/search/%EB%AC%B8%EC%A0%95%20%ED%95%9C%EC%B0%BD%ED%9A%8C%EA%B4%80,
함흥면옥문정지점,엠스테이트,냉면/밀면,서울특별시 송파구 법원로 114,https://map.naver.com/p/search/%EB%AC%B8%EC%A0%95%20%ED%95%A8%ED%9D%A5%EB%A9%B4%EC%98%A5%EB%AC%B8%EC%A0%95%EC%A7%80%EC%A0%90,
함흥본가갈비탕갈비찜,엠스테이트,백반/한정식,서울특별시 송파구 법원로 114,https://map.naver.com/p/search/%EB%AC%B8%EC%A0%95%20%ED%95%A8%ED%9D%A5%EB%B3%B8%EA%B0%80%EA%B0%88%EB%B9%84%ED%83%95%EA%B0%88%EB%B9%84%EC%B0%9C,
해남짬뽕,엠스테이트,중국집,서울특별시 송파구 법원로 114,https://map.naver.com/p/search/%EB%AC%B8%EC%A0%95%20%ED%95%B4%EB%82%A8%EC%A7%AC%EB%BD%95,
홍쉐프&화덕,엠스테이트,피자,서울특별시 송파구 법원로 114,https://map.naver.com/p/search/%EB%AC%B8%EC%A0%95%20%ED%99%8D%EC%89%90%ED%94%84%26%ED%99%94%EB%8D%95,
홍심당,엠스테이트,백반/한정식,서울특별시 송파구 법원로 114,https://map.naver.com/p/search/%EB%AC%B8%EC%A0%95%20%ED%99%8D%EC%8B%AC%EB%8B%B9,
갈맷길물총칼국수,테라타워,국수/칼국수,서울특별시 송파구 송파대로 167,https://map.naver.com/p/search/%EB%AC%B8%EC%A0%95%20%EA%B0%88%EB%A7%B7%EA%B8%B8%EB%AC%BC%EC%B4%9D%EC%B9%BC%EA%B5%AD%EC%88%98,
겐코쇼쿠도,테라타워,일식 회/초밥,서울특별시 송파구 송파대로 167,https://map.naver.com/p/search/%EB%AC%B8%EC%A0%95%20%EA%B2%90%EC%BD%94%EC%87%BC%EC%BF%A0%EB%8F%84,
계란집,테라타워,경양식,서울특별시 송파구 송파대로 167,https://map.naver.com/p/search/%EB%AC%B8%EC%A0%95%20%EA%B3%84%EB%9E%80%EC%A7%91,
국제보리밥,테라타워,백반/한정식,서울특별시 송파구 송파대로 167,https://map.naver.com/p/search/%EB%AC%B8%EC%A0%95%20%EA%B5%AD%EC%A0%9C%EB%B3%B4%EB%A6%AC%EB%B0%A5,
깡우동문정역점,테라타워,일식 면 요리,서울특별시 송파구 송파대로 167,https://map.naver.com/p/search/%EB%AC%B8%EC%A0%95%20%EA%B9%A1%EC%9A%B0%EB%8F%99%EB%AC%B8%EC%A0%95%EC%97%AD%EC%A0%90,
달팽이김밥,테라타워,김밥/만두/분식,서울특별시 송파구 송파대로 167,https://map.naver.com/p/search/%EB%AC%B8%EC%A0%95%20%EB%8B%AC%ED%8C%BD%EC%9D%B4%EA%B9%80%EB%B0%A5,
더케이에이치컴퍼니,테라타워,경양식,서울특별시 송파구 송파대로 167,https://map.naver.com/p/search/%EB%AC%B8%EC%A0%95%20%EB%8D%94%EC%BC%80%EC%9D%B4%EC%97%90%EC%9D%B4%EC%B9%98%EC%BB%B4%ED%8D%BC%EB%8B%88,
도삭명가,테라타워,중국집,서울특별시 송파구 송파대로 167,https://map.naver.com/p/search/%EB%AC%B8%EC%A0%95%20%EB%8F%84%EC%82%AD%EB%AA%85%EA%B0%80,
류창희국수人,테라타워,국수/칼국수,서울특별시 송파구 송파대로 167,https://map.naver.com/p/search/%EB%AC%B8%EC%A0%95%20%EB%A5%98%EC%B0%BD%ED%9D%AC%EA%B5%AD%EC%88%98%E4%BA%BA,
마라공방문정테라,테라타워,마라탕/훠궈,서울특별시 송파구 송파대로 167,https://map.naver.com/p/search/%EB%AC%B8%EC%A0%95%20%EB%A7%88%EB%9D%BC%EA%B3%B5%EB%B0%A9%EB%AC%B8%EC%A0%95%ED%85%8C%EB%9D%BC,
만날,테라타워,백반/한정식,서울특별시 송파구 송파대로 167,https://map.naver.com/p/search/%EB%AC%B8%EC%A0%95%20%EB%A7%8C%EB%82%A0,
본죽&비빔밥문정법조단지점,테라타워,백반/한정식,서울특별시 송파구 송파대로 167,https://map.naver.com/p/search/%EB%AC%B8%EC%A0%95%20%EB%B3%B8%EC%A3%BD%26%EB%B9%84%EB%B9%94%EB%B0%A5%EB%AC%B8%EC%A0%95%EB%B2%95%EC%A1%B0%EB%8B%A8%EC%A7%80%EC%A0%90,
부산아지매국밥&구포갈비문정테라,테라타워,국/탕/찌개류,서울특별시 송파구 송파대로 167,https://map.naver.com/p/search/%EB%AC%B8%EC%A0%95%20%EB%B6%80%EC%82%B0%EC%95%84%EC%A7%80%EB%A7%A4%EA%B5%AD%EB%B0%A5%26%EA%B5%AC%ED%8F%AC%EA%B0%88%EB%B9%84%EB%AC%B8%EC%A0%95%ED%85%8C%EB%9D%BC,
삼산회관문정테라,테라타워,국/탕/찌개류,서울특별시 송파구 송파대로 167,https://map.naver.com/p/search/%EB%AC%B8%EC%A0%95%20%EC%82%BC%EC%82%B0%ED%9A%8C%EA%B4%80%EB%AC%B8%EC%A0%95%ED%85%8C%EB%9D%BC,
소풍가는날문정법조단지점,테라타워,김밥/만두/분식,서울특별시 송파구 송파대로 167,https://map.naver.com/p/search/%EB%AC%B8%EC%A0%95%20%EC%86%8C%ED%92%8D%EA%B0%80%EB%8A%94%EB%82%A0%EB%AC%B8%EC%A0%95%EB%B2%95%EC%A1%B0%EB%8B%A8%EC%A7%80%EC%A0%90,
소호면가,테라타워,국수/칼국수,서울특별시 송파구 송파대로 167,https://map.naver.com/p/search/%EB%AC%B8%EC%A0%95%20%EC%86%8C%ED%98%B8%EB%A9%B4%EA%B0%80,
스위치,테라타워,피자,서울특별시 송파구 송파대로 167,https://map.naver.com/p/search/%EB%AC%B8%EC%A0%95%20%EC%8A%A4%EC%9C%84%EC%B9%98,
압구정샌드위치,테라타워,토스트/샌드위치/샐러드,서울특별시 송파구 송파대로 167,https://map.naver.com/p/search/%EB%AC%B8%EC%A0%95%20%EC%95%95%EA%B5%AC%EC%A0%95%EC%83%8C%EB%93%9C%EC%9C%84%EC%B9%98,
엄마밥상,테라타워,백반/한정식,서울특별시 송파구 송파대로 167,https://map.naver.com/p/search/%EB%AC%B8%EC%A0%95%20%EC%97%84%EB%A7%88%EB%B0%A5%EC%83%81,
업소명없음,테라타워,피자,서울특별시 송파구 송파대로 167,https://map.naver.com/p/search/%EB%AC%B8%EC%A0%95%20%EC%97%85%EC%86%8C%EB%AA%85%EC%97%86%EC%9D%8C,
에스씨브이에프앤비,테라타워,백반/한정식,서울특별시 송파구 송파대로 167,https://map.naver.com/p/search/%EB%AC%B8%EC%A0%95%20%EC%97%90%EC%8A%A4%EC%94%A8%EB%B8%8C%EC%9D%B4%EC%97%90%ED%94%84%EC%95%A4%EB%B9%84,
유미카츠,테라타워,일식 카레/돈가스/덮밥,서울특별시 송파구 송파대로 167,https://map.naver.com/p/search/%EB%AC%B8%EC%A0%95%20%EC%9C%A0%EB%AF%B8%EC%B9%B4%EC%B8%A0,
장수본가해장국,테라타워,국/탕/찌개류,서울특별시 송파구 송파대로 167,https://map.naver.com/p/search/%EB%AC%B8%EC%A0%95%20%EC%9E%A5%EC%88%98%EB%B3%B8%EA%B0%80%ED%95%B4%EC%9E%A5%EA%B5%AD,
조조감자탕,테라타워,국/탕/찌개류,서울특별시 송파구 송파대로 167,https://map.naver.com/p/search/%EB%AC%B8%EC%A0%95%20%EC%A1%B0%EC%A1%B0%EA%B0%90%EC%9E%90%ED%83%95,
최현옥임대,테라타워,백반/한정식,서울특별시 송파구 송파대로 167,https://map.naver.com/p/search/%EB%AC%B8%EC%A0%95%20%EC%B5%9C%ED%98%84%EC%98%A5%EC%9E%84%EB%8C%80,
테라참치,테라타워,일식 회/초밥,서울특별시 송파구 송파대로 167,https://map.naver.com/p/search/%EB%AC%B8%EC%A0%95%20%ED%85%8C%EB%9D%BC%EC%B0%B8%EC%B9%98,
테이스터스바스버거문정역점,테라타워,버거,서울특별시 송파구 송파대로 167,https://map.naver.com/p/search/%EB%AC%B8%EC%A0%95%20%ED%85%8C%EC%9D%B4%EC%8A%A4%ED%84%B0%EC%8A%A4%EB%B0%94%EC%8A%A4%EB%B2%84%EA%B1%B0%EB%AC%B8%EC%A0%95%EC%97%AD%EC%A0%90,
하영호신촌설렁탕문정역점,테라타워,국/탕/찌개류,서울특별시 송파구 송파대로 167,https://map.naver.com/p/search/%EB%AC%B8%EC%A0%95%20%ED%95%98%EC%98%81%ED%98%B8%EC%8B%A0%EC%B4%8C%EC%84%A4%EB%A0%81%ED%83%95%EB%AC%B8%EC%A0%95%EC%97%AD%EC%A0%90,
가쯔미,현대지식산업센터,일식 회/초밥,서울특별시 송파구 법원로11길 7,https://map.naver.com/p/search/%EB%AC%B8%EC%A0%95%20%EA%B0%80%EC%AF%94%EB%AF%B8,
남원추어탕,현대지식산업센터,국/탕/찌개류,서울특별시 송파구 법원로11길 11,https://map.naver.com/p/search/%EB%AC%B8%EC%A0%95%20%EB%82%A8%EC%9B%90%EC%B6%94%EC%96%B4%ED%83%95,
다이죠부,현대지식산업센터,일식 회/초밥,서울특별시 송파구 법원로11길 7,https://map.naver.com/p/search/%EB%AC%B8%EC%A0%95%20%EB%8B%A4%EC%9D%B4%EC%A3%A0%EB%B6%80,
돈앤칡,현대지식산업센터,경양식,서울특별시 송파구 법원로11길 11,https://map.naver.com/p/search/%EB%AC%B8%EC%A0%95%20%EB%8F%88%EC%95%A4%EC%B9%A1,
레브스페셜티앤스시,현대지식산업센터,일식 회/초밥,서울특별시 송파구 법원로11길 11,https://map.naver.com/p/search/%EB%AC%B8%EC%A0%95%20%EB%A0%88%EB%B8%8C%EC%8A%A4%ED%8E%98%EC%85%9C%ED%8B%B0%EC%95%A4%EC%8A%A4%EC%8B%9C,
마낀카오,현대지식산업센터,베트남식 전문,서울특별시 송파구 법원로11길 7,https://map.naver.com/p/search/%EB%AC%B8%EC%A0%95%20%EB%A7%88%EB%82%80%EC%B9%B4%EC%98%A4,
멘도,현대지식산업센터,일식 회/초밥,서울특별시 송파구 법원로11길 11,https://map.naver.com/p/search/%EB%AC%B8%EC%A0%95%20%EB%A9%98%EB%8F%84,
목삼항,현대지식산업센터,백반/한정식,서울특별시 송파구 법원로11길 7,https://map.naver.com/p/search/%EB%AC%B8%EC%A0%95%20%EB%AA%A9%EC%82%BC%ED%95%AD,
문정쭈칼집,현대지식산업센터,백반/한정식,서울특별시 송파구 법원로11길 7,https://map.naver.com/p/search/%EB%AC%B8%EC%A0%95%20%EB%AC%B8%EC%A0%95%EC%AD%88%EC%B9%BC%EC%A7%91,
빙동댕문정역점,현대지식산업센터,김밥/만두/분식,서울특별시 송파구 법원로11길 7,https://map.naver.com/p/search/%EB%AC%B8%EC%A0%95%20%EB%B9%99%EB%8F%99%EB%8C%95%EB%AC%B8%EC%A0%95%EC%97%AD%EC%A0%90,
식물원김밥,현대지식산업센터,김밥/만두/분식,서울특별시 송파구 법원로11길 7,https://map.naver.com/p/search/%EB%AC%B8%EC%A0%95%20%EC%8B%9D%EB%AC%BC%EC%9B%90%EA%B9%80%EB%B0%A5,
아토키토,현대지식산업센터,경양식,서울특별시 송파구 법원로11길 7,https://map.naver.com/p/search/%EB%AC%B8%EC%A0%95%20%EC%95%84%ED%86%A0%ED%82%A4%ED%86%A0,
우몽,현대지식산업센터,백반/한정식,서울특별시 송파구 법원로11길 7,https://map.naver.com/p/search/%EB%AC%B8%EC%A0%95%20%EC%9A%B0%EB%AA%BD,
유혜인김밥,현대지식산업센터,김밥/만두/분식,서울특별시 송파구 법원로11길 11,https://map.naver.com/p/search/%EB%AC%B8%EC%A0%95%20%EC%9C%A0%ED%98%9C%EC%9D%B8%EA%B9%80%EB%B0%A5,
트리플본국밥,현대지식산업센터,국/탕/찌개류,서울특별시 송파구 법원로11길 11,https://map.naver.com/p/search/%EB%AC%B8%EC%A0%95%20%ED%8A%B8%EB%A6%AC%ED%94%8C%EB%B3%B8%EA%B5%AD%EB%B0%A5,
포케올데이,현대지식산업센터,토스트/샌드위치/샐러드,서울특별시 송파구 법원로11길 11,https://map.naver.com/p/search/%EB%AC%B8%EC%A0%95%20%ED%8F%AC%EC%BC%80%EC%98%AC%EB%8D%B0%EC%9D%B4,
풍경,현대지식산업센터,백반/한정식,서울특별시 송파구 법원로11길 11,https://map.naver.com/p/search/%EB%AC%B8%EC%A0%95%20%ED%92%8D%EA%B2%BD,
픽업그린,현대지식산업센터,일식 회/초밥,서울특별시 송파구 법원로11길 11,https://map.naver.com/p/search/%EB%AC%B8%EC%A0%95%20%ED%94%BD%EC%97%85%EA%B7%B8%EB%A6%B0,
한국커리어패스협의회,현대지식산업센터,기타 동남아식 전문,서울특별시 송파구 법원로11길 7,https://map.naver.com/p/search/%EB%AC%B8%EC%A0%95%20%ED%95%9C%EA%B5%AD%EC%BB%A4%EB%A6%AC%EC%96%B4%ED%8C%A8%EC%8A%A4%ED%98%91%EC%9D%98%ED%9A%8C,
해룡마을국수송파,현대지식산업센터,국수/칼국수,서울특별시 송파구 법원로11길 7,https://map.naver.com/p/search/%EB%AC%B8%EC%A0%95%20%ED%95%B4%EB%A3%A1%EB%A7%88%EC%9D%84%EA%B5%AD%EC%88%98%EC%86%A1%ED%8C%8C,
갓텐갓텐익스프레스문정점,SKV1/GL메트로시티,일식 회/초밥,서울특별시 송파구 법원로 128,https://map.naver.com/p/search/%EB%AC%B8%EC%A0%95%20%EA%B0%93%ED%85%90%EA%B0%93%ED%85%90%EC%9D%B5%EC%8A%A4%ED%94%84%EB%A0%88%EC%8A%A4%EB%AC%B8%EC%A0%95%EC%A0%90,
그린포유,SKV1/GL메트로시티,피자,서울특별시 송파구 법원로 128,https://map.naver.com/p/search/%EB%AC%B8%EC%A0%95%20%EA%B7%B8%EB%A6%B0%ED%8F%AC%EC%9C%A0,
남양식당,SKV1/GL메트로시티,백반/한정식,서울특별시 송파구 법원로 128,https://map.naver.com/p/search/%EB%AC%B8%EC%A0%95%20%EB%82%A8%EC%96%91%EC%8B%9D%EB%8B%B9,
더돈부리,SKV1/GL메트로시티,일식 카레/돈가스/덮밥,서울특별시 송파구 법원로 128,https://map.naver.com/p/search/%EB%AC%B8%EC%A0%95%20%EB%8D%94%EB%8F%88%EB%B6%80%EB%A6%AC,
라슈펠,SKV1/GL메트로시티,백반/한정식,서울특별시 송파구 법원로 128,https://map.naver.com/p/search/%EB%AC%B8%EC%A0%95%20%EB%9D%BC%EC%8A%88%ED%8E%A0,
미드나잇카페엔드갤러리,SKV1/GL메트로시티,경양식,서울특별시 송파구 법원로 128,https://map.naver.com/p/search/%EB%AC%B8%EC%A0%95%20%EB%AF%B8%EB%93%9C%EB%82%98%EC%9E%87%EC%B9%B4%ED%8E%98%EC%97%94%EB%93%9C%EA%B0%A4%EB%9F%AC%EB%A6%AC,
산들해,SKV1/GL메트로시티,백반/한정식,서울특별시 송파구 법원로 128,https://map.naver.com/p/search/%EB%AC%B8%EC%A0%95%20%EC%82%B0%EB%93%A4%ED%95%B4,
아들내미분식송파,SKV1/GL메트로시티,김밥/만두/분식,서울특별시 송파구 법원로 128,https://map.naver.com/p/search/%EB%AC%B8%EC%A0%95%20%EC%95%84%EB%93%A4%EB%82%B4%EB%AF%B8%EB%B6%84%EC%8B%9D%EC%86%A1%ED%8C%8C,
알리바바카페테리아,SKV1/GL메트로시티,구내식당,서울특별시 송파구 법원로 128,https://map.naver.com/p/search/%EB%AC%B8%EC%A0%95%20%EC%95%8C%EB%A6%AC%EB%B0%94%EB%B0%94%EC%B9%B4%ED%8E%98%ED%85%8C%EB%A6%AC%EC%95%84,
알리바바홈푸드,SKV1/GL메트로시티,백반/한정식,서울특별시 송파구 법원로 128,https://map.naver.com/p/search/%EB%AC%B8%EC%A0%95%20%EC%95%8C%EB%A6%AC%EB%B0%94%EB%B0%94%ED%99%88%ED%91%B8%EB%93%9C,
에이포자산관리,SKV1/GL메트로시티,중국집,서울특별시 송파구 법원로 128,https://map.naver.com/p/search/%EB%AC%B8%EC%A0%95%20%EC%97%90%EC%9D%B4%ED%8F%AC%EC%9E%90%EC%82%B0%EA%B4%80%EB%A6%AC,
타이완벤땅,SKV1/GL메트로시티,기타 동남아식 전문,서울특별시 송파구 법원로 128,https://map.naver.com/p/search/%EB%AC%B8%EC%A0%95%20%ED%83%80%EC%9D%B4%EC%99%84%EB%B2%A4%EB%95%85,
포텐,SKV1/GL메트로시티,베트남식 전문,서울특별시 송파구 법원로 128,https://map.naver.com/p/search/%EB%AC%B8%EC%A0%95%20%ED%8F%AC%ED%85%90,
풀하우스,SKV1/GL메트로시티,피자,서울특별시 송파구 법원로 128,https://map.naver.com/p/search/%EB%AC%B8%EC%A0%95%20%ED%92%80%ED%95%98%EC%9A%B0%EC%8A%A4,
